{"scale_x": 0.0004702988115611738, "scale_y": 0.0004702988115611738, "labels": [], "lines": []}