{"scale_x": 0.0003589187185970049, "scale_y": 0.0003589187185970049, "labels": [], "lines": []}